{"offline_id": "b77794540d3f4bc8ac315de37f82cc3e", "project_name": "yolov5", "start_time": 1733379136459, "stop_time": 1733379194764, "tags": [], "workspace": null, "resume_strategy": "create", "customer_error_reported": true, "customer_error_message": "Unexpected error detected in the user script: Exception('\\x1b[34m\\x1b[1mval: \\x1b[0mError loading data from D:\\\\zqw\\\\2024fall\\\\SI670\\\\si670_final_project\\\\yolo_data\\\\valid\\\\images: \\x1b[34m\\x1b[1mval: \\x1b[0mNo images found\\nSee https://docs.ultralytics.com/yolov5/tutorials/train_custom_data')", "user_provided_experiment_key": false, "comet_start_sourced": false}