{"payload":{"installed_packages":["absl-py==2.1.0","anyio==4.4.0","argon2-cffi==23.1.0","argon2-cffi-bindings==21.2.0","arrow==1.3.0","asttokens==2.4.1","astunparse==1.6.3","async-lru==2.0.4","attrs==24.2.0","autocommand==2.2.2","babel==2.16.0","backports.tarfile==1.2.0","beautifulsoup4==4.12.3","bleach==6.1.0","boto3==1.35.76","botocore==1.35.76","certifi==2024.8.30","cffi==1.17.0","charset-normalizer==3.4.0","click==8.1.7","colorama==0.4.6","coloredlogs==15.0.1","comet-ml==3.47.4","comm==0.2.2","configobj==5.0.9","contourpy==1.3.1","cycler==0.12.1","debugpy==1.8.5","decorator==5.1.1","defusedxml==0.7.1","dulwich==0.22.6","everett==3.1.0","executing==2.1.0","fastjsonschema==2.20.0","filelock==3.16.1","filetype==1.2.0","fire==0.7.0","flatbuffers==24.3.25","fonttools==4.55.1","fqdn==1.5.1","fsspec==2024.10.0","gast==0.6.0","git-filter-repo==2.47.0","gitdb==4.0.11","gitpython==3.1.43","google-pasta==0.2.0","grpcio==1.67.1","h11==0.14.0","h5py==3.12.1","httpcore==1.0.5","httpx==0.27.2","huggingface-hub==0.24.7","humanfriendly==10.0","idna==3.7","imageio==2.36.0","importlib_metadata==8.0.0","inflect==7.3.1","ipykernel==6.29.5","ipython==8.27.0","ipywidgets==8.1.5","isoduration==20.11.0","jaraco.collections==5.1.0","jaraco.context==5.3.0","jaraco.functools==4.0.1","jaraco.text==3.12.1","jedi==0.19.1","jinja2==3.1.4","jmespath==1.0.1","joblib==1.4.2","json5==0.9.25","jsonpointer==3.0.0","jsonschema==4.23.0","jsonschema-specifications==2023.12.1","jupyter==1.1.1","jupyter-console==6.6.3","jupyter-events==0.10.0","jupyter-lsp==2.2.5","jupyter_client==8.6.2","jupyter_core==5.7.2","jupyter_server==2.14.2","jupyter_server_terminals==0.5.3","jupyterlab==4.2.5","jupyterlab_pygments==0.3.0","jupyterlab_server==2.27.3","jupyterlab_widgets==3.0.13","keras==3.6.0","kiwisolver==1.4.7","lazy_loader==0.4","libclang==18.1.1","llvmlite==0.43.0","markdown==3.7","markdown-it-py==3.0.0","markupsafe==3.0.2","matplotlib==3.9.3","matplotlib-inline==0.1.7","mdurl==0.1.2","mistune==3.0.2","ml-dtypes==0.4.1","more-itertools==10.3.0","mpmath==1.3.0","namex==0.0.8","nbclient==0.10.0","nbconvert==7.16.4","nbformat==5.10.4","nest-asyncio==1.6.0","networkx==3.4.2","notebook==7.2.2","notebook_shim==0.2.4","numba==0.60.0","numpy==1.26.0","onnxruntime==1.20.0","opencv-python==4.9.0.80","opencv-python-headless==4.10.0.84","opt_einsum==3.4.0","optree==0.13.0","overrides==7.7.0","packaging==24.2","packaging==24.2","pandas==2.2.3","pandocfilters==1.5.1","parso==0.8.4","pillow==11.0.0","pip==24.3.1","platformdirs==4.2.2","platformdirs==4.2.2","pooch==1.8.2","prometheus_client==0.20.0","prompt_toolkit==3.0.47","protobuf==5.28.3","psutil==6.1.0","pure_eval==0.2.3","py-cpuinfo==9.0.0","pybboxes==0.1.6","pycparser==2.22","pygments==2.18.0","pymatting==1.1.13","pyparsing==3.2.0","pyreadline3==3.5.4","python-box==6.1.0","python-dateutil==2.9.0.post0","python-dotenv==1.0.1","python-json-logger==2.0.7","pytz==2024.2","pywin32==306","pywinpty==2.0.13","pyyaml==6.0.2","pyzmq==26.2.0","referencing==0.35.1","rembg==2.0.59","requests==2.32.3","requests-toolbelt==1.0.0","rfc3339-validator==0.1.4","rfc3986-validator==0.1.1","rich==13.9.4","roboflow==1.1.49","rpds-py==0.20.0","s3transfer==0.10.4","sahi==0.11.19","scikeras==0.13.0","scikit-image==0.24.0","scikit-learn==1.5.1","scipy==1.14.1","seaborn==0.13.2","semantic-version==2.10.0","send2trash==1.8.3","sentry-sdk==2.19.0","setuptools==75.6.0","shapely==2.0.6","simplejson==3.19.3","six==1.17.0","smmap==5.0.1","sniffio==1.3.1","soupsieve==2.6","stack-data==0.6.3","sympy==1.13.1","tensorboard==2.18.0","tensorboard-data-server==0.7.2","tensorflow==2.18.0","tensorflow_intel==2.18.0","termcolor==2.5.0","terminado==0.18.1","terminaltables==3.1.10","thop==0.1.1-2209072238","threadpoolctl==3.5.0","tifffile==2024.9.20","tinycss2==1.3.0","tomli==2.0.1","torch==2.5.1","torchvision==0.20.1","tornado==6.4.1","tqdm==4.67.1","traitlets==5.14.3","typeguard==4.3.0","types-python-dateutil==2.9.0.20240821","typing_extensions==4.12.2","typing_extensions==4.12.2","tzdata==2024.2","ultralytics==8.3.41","ultralytics-thop==2.0.12","uri-template==1.3.0","urllib3==2.2.3","wcwidth==0.2.13","webcolors==24.8.0","webencodings==0.5.1","websocket-client==1.8.0","werkzeug==3.1.3","wheel==0.43.0","wheel==0.44.0","widgetsnbextension==4.0.13","wrapt==1.16.0","wurlitzer==3.1.1","yolov5==7.0.14","zipp==3.19.2"],"message_id":1},"type":"installed_packages"}
{"payload":{"command":["train.py","--img","416","--batch","8","--epochs","10","--data","yolo_data/data.yaml","--weights","yolov5n.pt","--hyp","hyp.scratch-low.yaml","--workers","4"],"env":null,"hostname":"LAPTOP-92MC8K5P","ip":"10.0.0.201","machine":"AMD64","message_id":2,"os":"Windows-11-10.0.22631-SP0","os_release":"11","os_type":"Windows","pid":41116,"processor":"AMD64 Family 25 Model 80 Stepping 0, AuthenticAMD","python_exe":"D:\\zqw\\2024fall\\SI670\\.venv\\Scripts\\python.exe","python_version":"3.12.8","python_version_verbose":"3.12.8 (tags/v3.12.8:2dc476b, Dec  3 2024, 19:30:04) [MSC v.1942 64 bit (AMD64)]","user":"zhang"},"type":"system_details"}
{"payload":{"gpu_static_info":[{"gpu_index":0,"name":"NVIDIA GeForce RTX 3080 Laptop GPU","power_limit":84794,"total_memory":8589934592,"uuid":"GPU-12678024-2449-3479-1449-ee694398f175"}],"message_id":3},"type":"gpu_static_info"}
{"payload":{"local_timestamp":1733379136825,"message_id":4,"metric":{"epoch":null,"metricName":"sys.gpu.0.total_memory","metricValue":8589934592,"step":null}},"type":"metric_msg"}
{"payload":{"local_timestamp":1733379136827,"message_id":5,"param":{"paramName":"img","paramValue":416,"source":"cli","step":null}},"type":"parameter_msg"}
{"payload":{"local_timestamp":1733379136827,"message_id":6,"param":{"paramName":"batch","paramValue":8,"source":"cli","step":null}},"type":"parameter_msg"}
{"payload":{"local_timestamp":1733379136827,"message_id":7,"param":{"paramName":"epochs","paramValue":10,"source":"cli","step":null}},"type":"parameter_msg"}
{"payload":{"local_timestamp":1733379136827,"message_id":8,"param":{"paramName":"data","paramValue":"yolo_data/data.yaml","source":"cli","step":null}},"type":"parameter_msg"}
{"payload":{"local_timestamp":1733379136827,"message_id":9,"param":{"paramName":"weights","paramValue":"yolov5n.pt","source":"cli","step":null}},"type":"parameter_msg"}
{"payload":{"local_timestamp":1733379136827,"message_id":10,"param":{"paramName":"hyp","paramValue":"hyp.scratch-low.yaml","source":"cli","step":null}},"type":"parameter_msg"}
{"payload":{"local_timestamp":1733379136827,"message_id":11,"param":{"paramName":"workers","paramValue":4,"source":"cli","step":null}},"type":"parameter_msg"}
{"payload":{"key":"offline_experiment","message_id":12,"value":true},"type":"log_other"}
{"payload":{"key":"Name","message_id":13,"value":"exp"},"type":"log_other"}
{"payload":{"additional_params":{"assetId":"713cde9c60d1464caf6a1c3f45e2a245","context":null,"extension":"yaml","fileName":"data.yaml","overwrite":false,"runId":null,"step":null},"clean":true,"file_path":"tmpdu6gydcg","local_timestamp":1733379136830,"message_id":14,"metadata":{"type":"data-config-file"},"upload_type":"asset"},"type":"file_upload"}
{"payload":{"local_timestamp":1733379136833,"message_id":15,"metric":{"epoch":null,"metricName":"sys.gpu.0.gpu_utilization","metricValue":0,"step":null}},"type":"metric_msg"}
{"payload":{"local_timestamp":1733379136833,"message_id":16,"metric":{"epoch":null,"metricName":"sys.gpu.0.power_usage","metricValue":10032,"step":null}},"type":"metric_msg"}
{"payload":{"local_timestamp":1733379136833,"message_id":17,"metric":{"epoch":null,"metricName":"sys.gpu.0.temperature","metricValue":45,"step":null}},"type":"metric_msg"}
{"payload":{"local_timestamp":1733379136833,"message_id":18,"metric":{"epoch":null,"metricName":"sys.gpu.0.memory_utilization","metricValue":0,"step":null}},"type":"metric_msg"}
{"payload":{"local_timestamp":1733379136833,"message_id":19,"metric":{"epoch":null,"metricName":"sys.gpu.0.free_memory","metricValue":8407482368,"step":null}},"type":"metric_msg"}
{"payload":{"local_timestamp":1733379136833,"message_id":20,"metric":{"epoch":null,"metricName":"sys.gpu.0.used_memory","metricValue":182452224,"step":null}},"type":"metric_msg"}
{"payload":{"local_timestamp":1733379136833,"message_id":21,"metric":{"epoch":null,"metricName":"sys.gpu.0.percent.used_memory","metricValue":2.1240234375,"step":null}},"type":"metric_msg"}
{"payload":{"key":"Created from","message_id":22,"value":"YOLOv5"},"type":"log_other"}
{"payload":{"key":"hasNestedParams","message_id":23,"value":true},"type":"log_other"}
{"payload":{"local_timestamp":1733379136838,"message_id":24,"param":{"paramName":"artifact_alias","paramValue":"latest","source":"manual","step":null}},"type":"parameter_msg"}
{"payload":{"local_timestamp":1733379136838,"message_id":25,"param":{"paramName":"batch_size","paramValue":8,"source":"manual","step":null}},"type":"parameter_msg"}
{"payload":{"local_timestamp":1733379136838,"message_id":26,"param":{"paramName":"bbox_interval","paramValue":-1,"source":"manual","step":null}},"type":"parameter_msg"}
{"payload":{"local_timestamp":1733379136838,"message_id":27,"param":{"paramName":"bucket","paramValue":"","source":"manual","step":null}},"type":"parameter_msg"}
{"payload":{"local_timestamp":1733379136838,"message_id":28,"param":{"paramName":"cache","paramValue":null,"source":"manual","step":null}},"type":"parameter_msg"}
{"payload":{"local_timestamp":1733379136838,"message_id":29,"param":{"paramName":"cfg","paramValue":"","source":"manual","step":null}},"type":"parameter_msg"}
{"payload":{"local_timestamp":1733379136838,"message_id":30,"param":{"paramName":"cos_lr","paramValue":false,"source":"manual","step":null}},"type":"parameter_msg"}
{"payload":{"local_timestamp":1733379136839,"message_id":31,"param":{"paramName":"device","paramValue":"","source":"manual","step":null}},"type":"parameter_msg"}
{"payload":{"local_timestamp":1733379136839,"message_id":32,"param":{"paramName":"entity","paramValue":null,"source":"manual","step":null}},"type":"parameter_msg"}
{"payload":{"local_timestamp":1733379136839,"message_id":33,"param":{"paramName":"evolve","paramValue":null,"source":"manual","step":null}},"type":"parameter_msg"}
{"payload":{"local_timestamp":1733379136839,"message_id":34,"param":{"paramName":"evolve_population","paramValue":"data\\hyps","source":"manual","step":null}},"type":"parameter_msg"}
{"payload":{"local_timestamp":1733379136839,"message_id":35,"param":{"paramName":"exist_ok","paramValue":false,"source":"manual","step":null}},"type":"parameter_msg"}
{"payload":{"local_timestamp":1733379136839,"message_id":36,"params":{"paramName":"freeze","paramValue":[0],"source":"manual","step":null}},"type":"parameter_msg"}
{"payload":{"local_timestamp":1733379136839,"message_id":37,"param":{"paramName":"hyp|anchor_t","paramValue":4.0,"source":"manual","step":null}},"type":"parameter_msg"}
{"payload":{"local_timestamp":1733379136839,"message_id":38,"param":{"paramName":"hyp|box","paramValue":0.05,"source":"manual","step":null}},"type":"parameter_msg"}
{"payload":{"local_timestamp":1733379136839,"message_id":39,"param":{"paramName":"hyp|cls","paramValue":0.5,"source":"manual","step":null}},"type":"parameter_msg"}
{"payload":{"local_timestamp":1733379136839,"message_id":40,"param":{"paramName":"hyp|cls_pw","paramValue":1.0,"source":"manual","step":null}},"type":"parameter_msg"}
{"payload":{"local_timestamp":1733379136839,"message_id":41,"param":{"paramName":"hyp|copy_paste","paramValue":0.0,"source":"manual","step":null}},"type":"parameter_msg"}
{"payload":{"local_timestamp":1733379136839,"message_id":42,"param":{"paramName":"hyp|degrees","paramValue":0.0,"source":"manual","step":null}},"type":"parameter_msg"}
{"payload":{"local_timestamp":1733379136839,"message_id":43,"param":{"paramName":"hyp|fl_gamma","paramValue":0.0,"source":"manual","step":null}},"type":"parameter_msg"}
{"payload":{"local_timestamp":1733379136839,"message_id":44,"param":{"paramName":"hyp|fliplr","paramValue":0.5,"source":"manual","step":null}},"type":"parameter_msg"}
{"payload":{"local_timestamp":1733379136839,"message_id":45,"param":{"paramName":"hyp|flipud","paramValue":0.0,"source":"manual","step":null}},"type":"parameter_msg"}
{"payload":{"local_timestamp":1733379136839,"message_id":46,"param":{"paramName":"hyp|hsv_h","paramValue":0.015,"source":"manual","step":null}},"type":"parameter_msg"}
{"payload":{"local_timestamp":1733379136839,"message_id":47,"param":{"paramName":"hyp|hsv_s","paramValue":0.7,"source":"manual","step":null}},"type":"parameter_msg"}
{"payload":{"local_timestamp":1733379136839,"message_id":48,"param":{"paramName":"hyp|hsv_v","paramValue":0.4,"source":"manual","step":null}},"type":"parameter_msg"}
{"payload":{"local_timestamp":1733379136839,"message_id":49,"param":{"paramName":"hyp|iou_t","paramValue":0.2,"source":"manual","step":null}},"type":"parameter_msg"}
{"payload":{"local_timestamp":1733379136839,"message_id":50,"param":{"paramName":"hyp|lr0","paramValue":0.01,"source":"manual","step":null}},"type":"parameter_msg"}
{"payload":{"local_timestamp":1733379136839,"message_id":51,"param":{"paramName":"hyp|lrf","paramValue":0.01,"source":"manual","step":null}},"type":"parameter_msg"}
{"payload":{"local_timestamp":1733379136839,"message_id":52,"param":{"paramName":"hyp|mixup","paramValue":0.0,"source":"manual","step":null}},"type":"parameter_msg"}
{"payload":{"local_timestamp":1733379136839,"message_id":53,"param":{"paramName":"hyp|momentum","paramValue":0.937,"source":"manual","step":null}},"type":"parameter_msg"}
{"payload":{"local_timestamp":1733379136839,"message_id":54,"param":{"paramName":"hyp|mosaic","paramValue":1.0,"source":"manual","step":null}},"type":"parameter_msg"}
{"payload":{"local_timestamp":1733379136839,"message_id":55,"param":{"paramName":"hyp|obj","paramValue":1.0,"source":"manual","step":null}},"type":"parameter_msg"}
{"payload":{"local_timestamp":1733379136839,"message_id":56,"param":{"paramName":"hyp|obj_pw","paramValue":1.0,"source":"manual","step":null}},"type":"parameter_msg"}
{"payload":{"local_timestamp":1733379136839,"message_id":57,"param":{"paramName":"hyp|perspective","paramValue":0.0,"source":"manual","step":null}},"type":"parameter_msg"}
{"payload":{"local_timestamp":1733379136839,"message_id":58,"param":{"paramName":"hyp|scale","paramValue":0.5,"source":"manual","step":null}},"type":"parameter_msg"}
{"payload":{"local_timestamp":1733379136839,"message_id":59,"param":{"paramName":"hyp|shear","paramValue":0.0,"source":"manual","step":null}},"type":"parameter_msg"}
{"payload":{"local_timestamp":1733379136839,"message_id":60,"param":{"paramName":"hyp|translate","paramValue":0.1,"source":"manual","step":null}},"type":"parameter_msg"}
{"payload":{"local_timestamp":1733379136839,"message_id":61,"param":{"paramName":"hyp|warmup_bias_lr","paramValue":0.1,"source":"manual","step":null}},"type":"parameter_msg"}
{"payload":{"local_timestamp":1733379136839,"message_id":62,"param":{"paramName":"hyp|warmup_epochs","paramValue":3.0,"source":"manual","step":null}},"type":"parameter_msg"}
{"payload":{"local_timestamp":1733379136839,"message_id":63,"param":{"paramName":"hyp|warmup_momentum","paramValue":0.8,"source":"manual","step":null}},"type":"parameter_msg"}
{"payload":{"local_timestamp":1733379136839,"message_id":64,"param":{"paramName":"hyp|weight_decay","paramValue":0.0005,"source":"manual","step":null}},"type":"parameter_msg"}
{"payload":{"local_timestamp":1733379136839,"message_id":65,"param":{"paramName":"image_weights","paramValue":false,"source":"manual","step":null}},"type":"parameter_msg"}
{"payload":{"local_timestamp":1733379136839,"message_id":66,"param":{"paramName":"imgsz","paramValue":416,"source":"manual","step":null}},"type":"parameter_msg"}
{"payload":{"local_timestamp":1733379136839,"message_id":67,"param":{"paramName":"label_smoothing","paramValue":0.0,"source":"manual","step":null}},"type":"parameter_msg"}
{"payload":{"local_timestamp":1733379136839,"message_id":68,"param":{"paramName":"local_rank","paramValue":-1,"source":"manual","step":null}},"type":"parameter_msg"}
{"payload":{"local_timestamp":1733379136839,"message_id":69,"param":{"paramName":"multi_scale","paramValue":false,"source":"manual","step":null}},"type":"parameter_msg"}
{"payload":{"local_timestamp":1733379136839,"message_id":70,"param":{"paramName":"name","paramValue":"exp","source":"manual","step":null}},"type":"parameter_msg"}
{"payload":{"local_timestamp":1733379136839,"message_id":71,"param":{"paramName":"ndjson_console","paramValue":false,"source":"manual","step":null}},"type":"parameter_msg"}
{"payload":{"local_timestamp":1733379136839,"message_id":72,"param":{"paramName":"ndjson_file","paramValue":false,"source":"manual","step":null}},"type":"parameter_msg"}
{"payload":{"local_timestamp":1733379136839,"message_id":73,"param":{"paramName":"noautoanchor","paramValue":false,"source":"manual","step":null}},"type":"parameter_msg"}
{"payload":{"local_timestamp":1733379136839,"message_id":74,"param":{"paramName":"noplots","paramValue":false,"source":"manual","step":null}},"type":"parameter_msg"}
{"payload":{"local_timestamp":1733379136839,"message_id":75,"param":{"paramName":"nosave","paramValue":false,"source":"manual","step":null}},"type":"parameter_msg"}
{"payload":{"local_timestamp":1733379136839,"message_id":76,"param":{"paramName":"noval","paramValue":false,"source":"manual","step":null}},"type":"parameter_msg"}
{"payload":{"local_timestamp":1733379136839,"message_id":77,"param":{"paramName":"optimizer","paramValue":"SGD","source":"manual","step":null}},"type":"parameter_msg"}
{"payload":{"local_timestamp":1733379136839,"message_id":78,"param":{"paramName":"patience","paramValue":100,"source":"manual","step":null}},"type":"parameter_msg"}
{"payload":{"local_timestamp":1733379136839,"message_id":79,"param":{"paramName":"project","paramValue":"runs\\train","source":"manual","step":null}},"type":"parameter_msg"}
{"payload":{"local_timestamp":1733379136839,"message_id":80,"param":{"paramName":"quad","paramValue":false,"source":"manual","step":null}},"type":"parameter_msg"}
{"payload":{"local_timestamp":1733379136839,"message_id":81,"param":{"paramName":"rect","paramValue":false,"source":"manual","step":null}},"type":"parameter_msg"}
{"payload":{"local_timestamp":1733379136839,"message_id":82,"param":{"paramName":"resume","paramValue":false,"source":"manual","step":null}},"type":"parameter_msg"}
{"payload":{"local_timestamp":1733379136839,"message_id":83,"param":{"paramName":"resume_evolve","paramValue":null,"source":"manual","step":null}},"type":"parameter_msg"}
{"payload":{"local_timestamp":1733379136839,"message_id":84,"param":{"paramName":"save_dir","paramValue":"runs\\train\\exp","source":"manual","step":null}},"type":"parameter_msg"}
{"payload":{"local_timestamp":1733379136839,"message_id":85,"param":{"paramName":"save_period","paramValue":-1,"source":"manual","step":null}},"type":"parameter_msg"}
{"payload":{"local_timestamp":1733379136839,"message_id":86,"param":{"paramName":"seed","paramValue":0,"source":"manual","step":null}},"type":"parameter_msg"}
{"payload":{"local_timestamp":1733379136839,"message_id":87,"param":{"paramName":"single_cls","paramValue":false,"source":"manual","step":null}},"type":"parameter_msg"}
{"payload":{"local_timestamp":1733379136839,"message_id":88,"param":{"paramName":"sync_bn","paramValue":false,"source":"manual","step":null}},"type":"parameter_msg"}
{"payload":{"local_timestamp":1733379136839,"message_id":89,"param":{"paramName":"upload_dataset","paramValue":false,"source":"manual","step":null}},"type":"parameter_msg"}
{"payload":{"local_timestamp":1733379136840,"message_id":90,"param":{"paramName":"anchor_t","paramValue":4.0,"source":"manual","step":null}},"type":"parameter_msg"}
{"payload":{"local_timestamp":1733379136840,"message_id":91,"param":{"paramName":"box","paramValue":0.05,"source":"manual","step":null}},"type":"parameter_msg"}
{"payload":{"local_timestamp":1733379136840,"message_id":92,"param":{"paramName":"cls","paramValue":0.5,"source":"manual","step":null}},"type":"parameter_msg"}
{"payload":{"local_timestamp":1733379136840,"message_id":93,"param":{"paramName":"cls_pw","paramValue":1.0,"source":"manual","step":null}},"type":"parameter_msg"}
{"payload":{"local_timestamp":1733379136840,"message_id":94,"param":{"paramName":"copy_paste","paramValue":0.0,"source":"manual","step":null}},"type":"parameter_msg"}
{"payload":{"local_timestamp":1733379136840,"message_id":95,"param":{"paramName":"degrees","paramValue":0.0,"source":"manual","step":null}},"type":"parameter_msg"}
{"payload":{"local_timestamp":1733379136840,"message_id":96,"param":{"paramName":"fl_gamma","paramValue":0.0,"source":"manual","step":null}},"type":"parameter_msg"}
{"payload":{"local_timestamp":1733379136840,"message_id":97,"param":{"paramName":"fliplr","paramValue":0.5,"source":"manual","step":null}},"type":"parameter_msg"}
{"payload":{"local_timestamp":1733379136840,"message_id":98,"param":{"paramName":"flipud","paramValue":0.0,"source":"manual","step":null}},"type":"parameter_msg"}
{"payload":{"local_timestamp":1733379136840,"message_id":99,"param":{"paramName":"hsv_h","paramValue":0.015,"source":"manual","step":null}},"type":"parameter_msg"}
{"payload":{"local_timestamp":1733379136840,"message_id":100,"param":{"paramName":"hsv_s","paramValue":0.7,"source":"manual","step":null}},"type":"parameter_msg"}
{"payload":{"local_timestamp":1733379136840,"message_id":101,"param":{"paramName":"hsv_v","paramValue":0.4,"source":"manual","step":null}},"type":"parameter_msg"}
{"payload":{"local_timestamp":1733379136840,"message_id":102,"param":{"paramName":"iou_t","paramValue":0.2,"source":"manual","step":null}},"type":"parameter_msg"}
{"payload":{"local_timestamp":1733379136840,"message_id":103,"param":{"paramName":"lr0","paramValue":0.01,"source":"manual","step":null}},"type":"parameter_msg"}
{"payload":{"local_timestamp":1733379136840,"message_id":104,"param":{"paramName":"lrf","paramValue":0.01,"source":"manual","step":null}},"type":"parameter_msg"}
{"payload":{"local_timestamp":1733379136840,"message_id":105,"param":{"paramName":"mixup","paramValue":0.0,"source":"manual","step":null}},"type":"parameter_msg"}
{"payload":{"local_timestamp":1733379136840,"message_id":106,"param":{"paramName":"momentum","paramValue":0.937,"source":"manual","step":null}},"type":"parameter_msg"}
{"payload":{"local_timestamp":1733379136840,"message_id":107,"param":{"paramName":"mosaic","paramValue":1.0,"source":"manual","step":null}},"type":"parameter_msg"}
{"payload":{"local_timestamp":1733379136840,"message_id":108,"param":{"paramName":"obj","paramValue":1.0,"source":"manual","step":null}},"type":"parameter_msg"}
{"payload":{"local_timestamp":1733379136840,"message_id":109,"param":{"paramName":"obj_pw","paramValue":1.0,"source":"manual","step":null}},"type":"parameter_msg"}
{"payload":{"local_timestamp":1733379136840,"message_id":110,"param":{"paramName":"perspective","paramValue":0.0,"source":"manual","step":null}},"type":"parameter_msg"}
{"payload":{"local_timestamp":1733379136840,"message_id":111,"param":{"paramName":"scale","paramValue":0.5,"source":"manual","step":null}},"type":"parameter_msg"}
{"payload":{"local_timestamp":1733379136840,"message_id":112,"param":{"paramName":"shear","paramValue":0.0,"source":"manual","step":null}},"type":"parameter_msg"}
{"payload":{"local_timestamp":1733379136840,"message_id":113,"param":{"paramName":"translate","paramValue":0.1,"source":"manual","step":null}},"type":"parameter_msg"}
{"payload":{"local_timestamp":1733379136840,"message_id":114,"param":{"paramName":"warmup_bias_lr","paramValue":0.1,"source":"manual","step":null}},"type":"parameter_msg"}
{"payload":{"local_timestamp":1733379136840,"message_id":115,"param":{"paramName":"warmup_epochs","paramValue":3.0,"source":"manual","step":null}},"type":"parameter_msg"}
{"payload":{"local_timestamp":1733379136840,"message_id":116,"param":{"paramName":"warmup_momentum","paramValue":0.8,"source":"manual","step":null}},"type":"parameter_msg"}
{"payload":{"local_timestamp":1733379136840,"message_id":117,"param":{"paramName":"weight_decay","paramValue":0.0005,"source":"manual","step":null}},"type":"parameter_msg"}
{"payload":{"additional_params":{"assetId":"fdec20e4def84fafa85ee785e172d959","context":null,"epoch":null,"extension":"json","fileName":"hyperparameters.json","overwrite":false,"runId":null,"step":null},"clean":true,"file_path":"tmp2us3dsa0","local_timestamp":1733379136853,"message_id":118,"metadata":{"type":"hyp-config-file"},"upload_type":"asset"},"type":"file_upload"}
{"payload":{"additional_params":{"assetId":"7f214cf470634a5995bef4f666f6fb7b","context":null,"extension":"yaml","fileName":"opt.yaml","overwrite":false,"runId":null,"step":null},"clean":true,"file_path":"tmpk18qku0b","local_timestamp":1733379136844,"message_id":119,"metadata":{"type":"opt-config-file"},"upload_type":"asset"},"type":"file_upload"}
{"payload":{"local_timestamp":1733379136844,"message_id":120,"param":{"paramName":"val_conf_threshold","paramValue":0.001,"source":"manual","step":null}},"type":"parameter_msg"}
{"payload":{"local_timestamp":1733379136844,"message_id":121,"param":{"paramName":"val_iou_threshold","paramValue":0.6,"source":"manual","step":null}},"type":"parameter_msg"}
{"payload":{"key":"comet_mode","message_id":122,"value":"online"},"type":"log_other"}
{"payload":{"key":"comet_max_image_uploads","message_id":123,"value":100},"type":"log_other"}
{"payload":{"key":"comet_log_per_class_metrics","message_id":124,"value":false},"type":"log_other"}
{"payload":{"key":"comet_log_batch_metrics","message_id":125,"value":false},"type":"log_other"}
{"payload":{"key":"comet_log_confusion_matrix","message_id":126,"value":true},"type":"log_other"}
{"payload":{"key":"comet_model_name","message_id":127,"value":"yolov5"},"type":"log_other"}
{"payload":{"local_timestamp":1733379137341,"message_id":128,"metric":{"epoch":null,"metricName":"sys.cpu.percent.avg","metricValue":0.0,"step":null}},"type":"metric_msg"}
{"payload":{"local_timestamp":1733379137341,"message_id":129,"metric":{"epoch":null,"metricName":"sys.ram.total","metricValue":16542732288,"step":null}},"type":"metric_msg"}
{"payload":{"local_timestamp":1733379137341,"message_id":130,"metric":{"epoch":null,"metricName":"sys.ram.used","metricValue":12746457088,"step":null}},"type":"metric_msg"}
{"payload":{"local_timestamp":1733379137341,"message_id":131,"metric":{"epoch":null,"metricName":"sys.ram.available","metricValue":3796275200,"step":null}},"type":"metric_msg"}
{"payload":{"local_timestamp":1733379137341,"message_id":132,"metric":{"epoch":null,"metricName":"sys.ram.percent.used","metricValue":77.1,"step":null}},"type":"metric_msg"}
{"payload":{"local_timestamp":1733379137341,"message_id":133,"metric":{"epoch":null,"metricName":"sys.load.avg","metricValue":0.0,"step":null}},"type":"metric_msg"}
{"payload":{"git_metadata":{"branch":"refs/heads/master","origin":"https://github.com/qianweiz1998/yolov5.git","parent":"9e793cb4ba1cfd129560633c5c3426d16b36fc91","repo_name":"yolov5","root":"1e84a23f38fad9e52b59101e9f1246d93066ed1e","status":null,"user":"Julia Zhang"},"message_id":134},"type":"git_metadata"}
{"payload":{"local_timestamp":1733379137530,"message_id":135,"output":"Downloading https://github.com/ultralytics/yolov5/releases/download/v7.0/yolov5n.pt to yolov5n.pt...\n","stderr":true},"type":"standard_output"}
{"payload":{"local_timestamp":1733379137972,"message_id":136,"output":"\r  0%|                                                                                                                                                                  | 0.00/3.87M [00:00<?, ?B/s]","stderr":true},"type":"standard_output"}
{"payload":{"local_timestamp":1733379138074,"message_id":137,"output":"\r 39%|\u2588\u2588\u2588\u2588\u2588\u2588\u2588\u2588\u2588\u2588\u2588\u2588\u2588\u2588\u2588\u2588\u2588\u2588\u2588\u2588\u2588\u2588\u2588\u2588\u2588\u2588\u2588\u2588\u2588\u2588\u2588\u2588\u2588\u2588\u2588\u2588\u2588\u2588\u2588\u2588\u2588\u2588\u2588\u2588\u2588\u2588\u2588\u2588\u2588\u2588\u2588\u2588\u2588\u2588\u2588\u2588\u2588\u2588\u2588\u258f                                                                                             | 1.50M/3.87M [00:00<00:00, 15.5MB/s]","stderr":true},"type":"standard_output"}
{"payload":{"local_timestamp":1733379138126,"message_id":138,"output":"\r100%|\u2588\u2588\u2588\u2588\u2588\u2588\u2588\u2588\u2588\u2588\u2588\u2588\u2588\u2588\u2588\u2588\u2588\u2588\u2588\u2588\u2588\u2588\u2588\u2588\u2588\u2588\u2588\u2588\u2588\u2588\u2588\u2588\u2588\u2588\u2588\u2588\u2588\u2588\u2588\u2588\u2588\u2588\u2588\u2588\u2588\u2588\u2588\u2588\u2588\u2588\u2588\u2588\u2588\u2588\u2588\u2588\u2588\u2588\u2588\u2588\u2588\u2588\u2588\u2588\u2588\u2588\u2588\u2588\u2588\u2588\u2588\u2588\u2588\u2588\u2588\u2588\u2588\u2588\u2588\u2588\u2588\u2588\u2588\u2588\u2588\u2588\u2588\u2588\u2588\u2588\u2588\u2588\u2588\u2588\u2588\u2588\u2588\u2588\u2588\u2588\u2588\u2588\u2588\u2588\u2588\u2588\u2588\u2588\u2588\u2588\u2588\u2588\u2588\u2588\u2588\u2588\u2588\u2588\u2588\u2588\u2588\u2588\u2588\u2588\u2588\u2588\u2588\u2588\u2588\u2588\u2588\u2588\u2588\u2588\u2588\u2588\u2588\u2588\u2588\u2588\u2588\u2588\u2588\u2588\u2588\u2588\u2588\u2588\u2588\u2588\u2588\u2588\u2588| 3.87M/3.87M [00:00<00:00, 26.6MB/s]","stderr":true},"type":"standard_output"}
{"payload":{"local_timestamp":1733379138126,"message_id":139,"output":"\n","stderr":true},"type":"standard_output"}
{"payload":{"local_timestamp":1733379138127,"message_id":140,"output":"\n","stderr":true},"type":"standard_output"}
{"payload":{"local_timestamp":1733379138149,"message_id":141,"output":"Overriding model.yaml nc=80 with nc=2\n","stderr":true},"type":"standard_output"}
{"payload":{"local_timestamp":1733379138149,"message_id":142,"output":"\n                 from  n    params  module                                  arguments                     \n","stderr":true},"type":"standard_output"}
{"payload":{"local_timestamp":1733379138154,"message_id":143,"output":"  0                -1  1      1760  models.common.Conv                      [3, 16, 6, 2, 2]              \n","stderr":true},"type":"standard_output"}
{"payload":{"local_timestamp":1733379138155,"message_id":144,"output":"  1                -1  1      4672  models.common.Conv                      [16, 32, 3, 2]                \n","stderr":true},"type":"standard_output"}
{"payload":{"local_timestamp":1733379138156,"message_id":145,"output":"  2                -1  1      4800  models.common.C3                        [32, 32, 1]                   \n","stderr":true},"type":"standard_output"}
{"payload":{"local_timestamp":1733379138157,"message_id":146,"output":"  3                -1  1     18560  models.common.Conv                      [32, 64, 3, 2]                \n","stderr":true},"type":"standard_output"}
{"payload":{"local_timestamp":1733379138159,"message_id":147,"output":"  4                -1  2     29184  models.common.C3                        [64, 64, 2]                   \n","stderr":true},"type":"standard_output"}
{"payload":{"local_timestamp":1733379138162,"message_id":148,"output":"  5                -1  1     73984  models.common.Conv                      [64, 128, 3, 2]               \n","stderr":true},"type":"standard_output"}
{"payload":{"local_timestamp":1733379138166,"message_id":149,"output":"  6                -1  3    156928  models.common.C3                        [128, 128, 3]                 \n","stderr":true},"type":"standard_output"}
{"payload":{"local_timestamp":1733379138168,"message_id":150,"output":"  7                -1  1    295424  models.common.Conv                      [128, 256, 3, 2]              \n","stderr":true},"type":"standard_output"}
{"payload":{"local_timestamp":1733379138171,"message_id":151,"output":"  8                -1  1    296448  models.common.C3                        [256, 256, 1]                 \n","stderr":true},"type":"standard_output"}
{"payload":{"local_timestamp":1733379138173,"message_id":152,"output":"  9                -1  1    164608  models.common.SPPF                      [256, 256, 5]                 \n","stderr":true},"type":"standard_output"}
{"payload":{"local_timestamp":1733379138173,"message_id":153,"output":" 10                -1  1     33024  models.common.Conv                      [256, 128, 1, 1]              \n","stderr":true},"type":"standard_output"}
{"payload":{"local_timestamp":1733379138174,"message_id":154,"output":" 11                -1  1         0  torch.nn.modules.upsampling.Upsample    [None, 2, 'nearest']          \n","stderr":true},"type":"standard_output"}
{"payload":{"local_timestamp":1733379138174,"message_id":155,"output":" 12           [-1, 6]  1         0  models.common.Concat                    [1]                           \n","stderr":true},"type":"standard_output"}
{"payload":{"local_timestamp":1733379138176,"message_id":156,"output":" 13                -1  1     90880  models.common.C3                        [256, 128, 1, False]          \n","stderr":true},"type":"standard_output"}
{"payload":{"local_timestamp":1733379138177,"message_id":157,"output":" 14                -1  1      8320  models.common.Conv                      [128, 64, 1, 1]               \n","stderr":true},"type":"standard_output"}
{"payload":{"local_timestamp":1733379138177,"message_id":158,"output":" 15                -1  1         0  torch.nn.modules.upsampling.Upsample    [None, 2, 'nearest']          \n","stderr":true},"type":"standard_output"}
{"payload":{"local_timestamp":1733379138177,"message_id":159,"output":" 16           [-1, 4]  1         0  models.common.Concat                    [1]                           \n","stderr":true},"type":"standard_output"}
{"payload":{"local_timestamp":1733379138179,"message_id":160,"output":" 17                -1  1     22912  models.common.C3                        [128, 64, 1, False]           \n","stderr":true},"type":"standard_output"}
{"payload":{"local_timestamp":1733379138179,"message_id":161,"output":" 18                -1  1     36992  models.common.Conv                      [64, 64, 3, 2]                \n","stderr":true},"type":"standard_output"}
{"payload":{"local_timestamp":1733379138180,"message_id":162,"output":" 19          [-1, 14]  1         0  models.common.Concat                    [1]                           \n","stderr":true},"type":"standard_output"}
{"payload":{"local_timestamp":1733379138181,"message_id":163,"output":" 20                -1  1     74496  models.common.C3                        [128, 128, 1, False]          \n","stderr":true},"type":"standard_output"}
{"payload":{"local_timestamp":1733379138182,"message_id":164,"output":" 21                -1  1    147712  models.common.Conv                      [128, 128, 3, 2]              \n","stderr":true},"type":"standard_output"}
{"payload":{"local_timestamp":1733379138182,"message_id":165,"output":" 22          [-1, 10]  1         0  models.common.Concat                    [1]                           \n","stderr":true},"type":"standard_output"}
{"payload":{"local_timestamp":1733379138185,"message_id":166,"output":" 23                -1  1    296448  models.common.C3                        [256, 256, 1, False]          \n","stderr":true},"type":"standard_output"}
{"payload":{"local_timestamp":1733379138186,"message_id":167,"output":" 24      [17, 20, 23]  1      9471  models.yolo.Detect                      [2, [[10, 13, 16, 30, 33, 23], [30, 61, 62, 45, 59, 119], [116, 90, 156, 198, 373, 326]], [64, 128, 256]]\n","stderr":true},"type":"standard_output"}
{"payload":{"local_timestamp":1733379138306,"message_id":168,"output":"Model summary: 214 layers, 1766623 parameters, 1766623 gradients, 4.2 GFLOPs\n","stderr":true},"type":"standard_output"}
{"payload":{"local_timestamp":1733379138306,"message_id":169,"output":"\n","stderr":true},"type":"standard_output"}
{"payload":{"local_timestamp":1733379138325,"message_id":170,"output":"Transferred 343/349 items from yolov5n.pt\n","stderr":true},"type":"standard_output"}
{"payload":{"local_timestamp":1733379138327,"message_id":171,"output":"\u001b[34m\u001b[1moptimizer:\u001b[0m SGD(lr=0.01) with parameter groups 57 weight(decay=0.0), 60 weight(decay=0.0005), 60 bias\n","stderr":true},"type":"standard_output"}
{"payload":{"local_timestamp":1733379138553,"message_id":172,"output":"\r\u001b[34m\u001b[1mtrain: \u001b[0mScanning D:\\zqw\\2024fall\\SI670\\si670_final_project\\yolo_data\\train\\labels...:   0%|          | 0/63 [00:00<?, ?it/s]\u001b[0m","stderr":true},"type":"standard_output"}
{"payload":{"local_timestamp":1733379153951,"message_id":173,"output":"\r\u001b[34m\u001b[1mtrain: \u001b[0mScanning D:\\zqw\\2024fall\\SI670\\si670_final_project\\yolo_data\\train\\labels... 1 images, 0 backgrounds, 0 corrupt:   2%|\u258f         | 1/63 [00:15<15:54, 15.40s/it]\u001b[0m","stderr":true},"type":"standard_output"}
{"payload":{"local_timestamp":1733379153965,"message_id":174,"output":"\r\u001b[34m\u001b[1mtrain: \u001b[0mScanning D:\\zqw\\2024fall\\SI670\\si670_final_project\\yolo_data\\train\\labels... 63 images, 0 backgrounds, 0 corrupt: 100%|\u2588\u2588\u2588\u2588\u2588\u2588\u2588\u2588\u2588\u2588| 63/63 [00:15<00:00,  4.09it/s]\u001b[0m","stderr":true},"type":"standard_output"}
{"payload":{"local_timestamp":1733379153965,"message_id":175,"output":"\n","stderr":true},"type":"standard_output"}
{"payload":{"local_timestamp":1733379154059,"message_id":176,"output":"\u001b[34m\u001b[1mtrain: \u001b[0mWARNING  D:\\zqw\\2024fall\\SI670\\si670_final_project\\yolo_data\\train\\images\\yRwDfxM5pMFMerqfw_jpg.rf.ceb67556b8ede038d316a3da402dbfe1.jpg: 1 duplicate labels removed\n","stderr":true},"type":"standard_output"}
{"payload":{"local_timestamp":1733379154077,"message_id":177,"output":"\u001b[34m\u001b[1mtrain: \u001b[0mNew cache created: D:\\zqw\\2024fall\\SI670\\si670_final_project\\yolo_data\\train\\labels.cache\n","stderr":true},"type":"standard_output"}
{"payload":{"local_timestamp":1733379168105,"message_id":178,"metric":{"epoch":null,"metricName":"sys.gpu.0.gpu_utilization","metricValue":0,"step":null}},"type":"metric_msg"}
{"payload":{"local_timestamp":1733379168105,"message_id":179,"metric":{"epoch":null,"metricName":"sys.gpu.0.power_usage","metricValue":9405,"step":null}},"type":"metric_msg"}
{"payload":{"local_timestamp":1733379168105,"message_id":180,"metric":{"epoch":null,"metricName":"sys.gpu.0.temperature","metricValue":48,"step":null}},"type":"metric_msg"}
{"payload":{"local_timestamp":1733379168106,"message_id":181,"metric":{"epoch":null,"metricName":"sys.gpu.0.memory_utilization","metricValue":0,"step":null}},"type":"metric_msg"}
{"payload":{"local_timestamp":1733379168106,"message_id":182,"metric":{"epoch":null,"metricName":"sys.gpu.0.free_memory","metricValue":8407482368,"step":null}},"type":"metric_msg"}
{"payload":{"local_timestamp":1733379168106,"message_id":183,"metric":{"epoch":null,"metricName":"sys.gpu.0.used_memory","metricValue":182452224,"step":null}},"type":"metric_msg"}
{"payload":{"local_timestamp":1733379168106,"message_id":184,"metric":{"epoch":null,"metricName":"sys.gpu.0.percent.used_memory","metricValue":2.1240234375,"step":null}},"type":"metric_msg"}
{"payload":{"local_timestamp":1733379168216,"message_id":185,"metric":{"epoch":null,"metricName":"sys.cpu.percent.avg","metricValue":8.43125,"step":null}},"type":"metric_msg"}
{"payload":{"local_timestamp":1733379168216,"message_id":186,"metric":{"epoch":null,"metricName":"sys.ram.total","metricValue":16542732288,"step":null}},"type":"metric_msg"}
{"payload":{"local_timestamp":1733379168216,"message_id":187,"metric":{"epoch":null,"metricName":"sys.ram.used","metricValue":12801720320,"step":null}},"type":"metric_msg"}
{"payload":{"local_timestamp":1733379168216,"message_id":188,"metric":{"epoch":null,"metricName":"sys.ram.available","metricValue":3741011968,"step":null}},"type":"metric_msg"}
{"payload":{"local_timestamp":1733379168216,"message_id":189,"metric":{"epoch":null,"metricName":"sys.ram.percent.used","metricValue":77.4,"step":null}},"type":"metric_msg"}
{"payload":{"local_timestamp":1733379168216,"message_id":190,"metric":{"epoch":null,"metricName":"sys.load.avg","metricValue":0.0,"step":null}},"type":"metric_msg"}
{"payload":{"local_timestamp":1733379168326,"message_id":191,"metric":{"epoch":null,"metricName":"sys.network.send_bps","metricValue":3187,"step":null}},"type":"metric_msg"}
{"payload":{"local_timestamp":1733379168326,"message_id":192,"metric":{"epoch":null,"metricName":"sys.network.receive_bps","metricValue":136482,"step":null}},"type":"metric_msg"}
{"payload":{"local_timestamp":1733379168427,"message_id":193,"metric":{"epoch":null,"metricName":"sys.disk.read_bps","metricValue":15710057.822153691,"step":null}},"type":"metric_msg"}
{"payload":{"local_timestamp":1733379168427,"message_id":194,"metric":{"epoch":null,"metricName":"sys.disk.write_bps","metricValue":9361111.944053786,"step":null}},"type":"metric_msg"}
{"payload":{"local_timestamp":1733379193462,"message_id":195,"output":"Traceback (most recent call last):\n","stderr":true},"type":"standard_output"}
{"payload":{"local_timestamp":1733379193462,"message_id":196,"output":"  File \"D:\\zqw\\2024fall\\SI670\\si670_final_project\\yolov5\\utils\\dataloaders.py\", line 591, in __init__\n","stderr":true},"type":"standard_output"}
{"payload":{"local_timestamp":1733379193463,"message_id":197,"output":"    ","stderr":true},"type":"standard_output"}
{"payload":{"local_timestamp":1733379193463,"message_id":198,"output":"assert self.im_files, f\"{prefix}No images found\"","stderr":true},"type":"standard_output"}
{"payload":{"local_timestamp":1733379193463,"message_id":199,"output":"\n","stderr":true},"type":"standard_output"}
{"payload":{"local_timestamp":1733379193463,"message_id":200,"output":" ","stderr":true},"type":"standard_output"}
{"payload":{"local_timestamp":1733379193463,"message_id":201,"output":" ","stderr":true},"type":"standard_output"}
{"payload":{"local_timestamp":1733379193463,"message_id":202,"output":" ","stderr":true},"type":"standard_output"}
{"payload":{"local_timestamp":1733379193463,"message_id":203,"output":" ","stderr":true},"type":"standard_output"}
{"payload":{"local_timestamp":1733379193463,"message_id":204,"output":" ","stderr":true},"type":"standard_output"}
{"payload":{"local_timestamp":1733379193463,"message_id":205,"output":" ","stderr":true},"type":"standard_output"}
{"payload":{"local_timestamp":1733379193463,"message_id":206,"output":" ","stderr":true},"type":"standard_output"}
{"payload":{"local_timestamp":1733379193463,"message_id":207,"output":" ","stderr":true},"type":"standard_output"}
{"payload":{"local_timestamp":1733379193463,"message_id":208,"output":" ","stderr":true},"type":"standard_output"}
{"payload":{"local_timestamp":1733379193463,"message_id":209,"output":" ","stderr":true},"type":"standard_output"}
{"payload":{"local_timestamp":1733379193464,"message_id":210,"output":" ","stderr":true},"type":"standard_output"}
{"payload":{"local_timestamp":1733379193464,"message_id":211,"output":"^","stderr":true},"type":"standard_output"}
{"payload":{"local_timestamp":1733379193464,"message_id":212,"output":"^","stderr":true},"type":"standard_output"}
{"payload":{"local_timestamp":1733379193464,"message_id":213,"output":"^","stderr":true},"type":"standard_output"}
{"payload":{"local_timestamp":1733379193464,"message_id":214,"output":"^","stderr":true},"type":"standard_output"}
{"payload":{"local_timestamp":1733379193464,"message_id":215,"output":"^","stderr":true},"type":"standard_output"}
{"payload":{"local_timestamp":1733379193464,"message_id":216,"output":"^","stderr":true},"type":"standard_output"}
{"payload":{"local_timestamp":1733379193464,"message_id":217,"output":"^","stderr":true},"type":"standard_output"}
{"payload":{"local_timestamp":1733379193464,"message_id":218,"output":"^","stderr":true},"type":"standard_output"}
{"payload":{"local_timestamp":1733379193464,"message_id":219,"output":"^","stderr":true},"type":"standard_output"}
{"payload":{"local_timestamp":1733379193464,"message_id":220,"output":"^","stderr":true},"type":"standard_output"}
{"payload":{"local_timestamp":1733379193464,"message_id":221,"output":"^","stderr":true},"type":"standard_output"}
{"payload":{"local_timestamp":1733379193464,"message_id":222,"output":"^","stderr":true},"type":"standard_output"}
{"payload":{"local_timestamp":1733379193464,"message_id":223,"output":"^","stderr":true},"type":"standard_output"}
{"payload":{"local_timestamp":1733379193464,"message_id":224,"output":"\n","stderr":true},"type":"standard_output"}
{"payload":{"local_timestamp":1733379193464,"message_id":225,"output":"AssertionError","stderr":true},"type":"standard_output"}
{"payload":{"local_timestamp":1733379193464,"message_id":226,"output":": ","stderr":true},"type":"standard_output"}
{"payload":{"local_timestamp":1733379193464,"message_id":227,"output":"\u001b[34m\u001b[1mval: \u001b[0mNo images found","stderr":true},"type":"standard_output"}
{"payload":{"local_timestamp":1733379193465,"message_id":228,"output":"\n","stderr":true},"type":"standard_output"}
{"payload":{"local_timestamp":1733379193465,"message_id":229,"output":"\n","stderr":true},"type":"standard_output"}
{"payload":{"local_timestamp":1733379193465,"message_id":230,"output":"The above exception was the direct cause of the following exception:\n","stderr":true},"type":"standard_output"}
{"payload":{"local_timestamp":1733379193465,"message_id":231,"output":"\n","stderr":true},"type":"standard_output"}
{"payload":{"local_timestamp":1733379193465,"message_id":232,"output":"Traceback (most recent call last):\n","stderr":true},"type":"standard_output"}
{"payload":{"local_timestamp":1733379193466,"message_id":233,"output":"  File \"D:\\zqw\\2024fall\\SI670\\si670_final_project\\yolov5\\train.py\", line 986, in <module>\n","stderr":true},"type":"standard_output"}
{"payload":{"local_timestamp":1733379193466,"message_id":234,"output":"    ","stderr":true},"type":"standard_output"}
{"payload":{"local_timestamp":1733379193466,"message_id":235,"output":"main(opt)","stderr":true},"type":"standard_output"}
{"payload":{"local_timestamp":1733379193466,"message_id":236,"output":"\n","stderr":true},"type":"standard_output"}
{"payload":{"local_timestamp":1733379193466,"message_id":237,"output":"  File \"D:\\zqw\\2024fall\\SI670\\si670_final_project\\yolov5\\train.py\", line 688, in main\n","stderr":true},"type":"standard_output"}
{"payload":{"local_timestamp":1733379193467,"message_id":238,"output":"    ","stderr":true},"type":"standard_output"}
{"payload":{"local_timestamp":1733379193467,"message_id":239,"output":"train(opt.hyp, opt, device, callbacks)","stderr":true},"type":"standard_output"}
{"payload":{"local_timestamp":1733379193467,"message_id":240,"output":"\n","stderr":true},"type":"standard_output"}
{"payload":{"local_timestamp":1733379193467,"message_id":241,"output":"  File \"D:\\zqw\\2024fall\\SI670\\si670_final_project\\yolov5\\train.py\", line 309, in train\n","stderr":true},"type":"standard_output"}
{"payload":{"local_timestamp":1733379193467,"message_id":242,"output":"    ","stderr":true},"type":"standard_output"}
{"payload":{"local_timestamp":1733379193468,"message_id":243,"output":"val_loader = create_dataloader(","stderr":true},"type":"standard_output"}
{"payload":{"local_timestamp":1733379193468,"message_id":244,"output":"\n","stderr":true},"type":"standard_output"}
{"payload":{"local_timestamp":1733379193468,"message_id":245,"output":" ","stderr":true},"type":"standard_output"}
{"payload":{"local_timestamp":1733379193468,"message_id":246,"output":" ","stderr":true},"type":"standard_output"}
{"payload":{"local_timestamp":1733379193468,"message_id":247,"output":" ","stderr":true},"type":"standard_output"}
{"payload":{"local_timestamp":1733379193468,"message_id":248,"output":" ","stderr":true},"type":"standard_output"}
{"payload":{"local_timestamp":1733379193468,"message_id":249,"output":" ","stderr":true},"type":"standard_output"}
{"payload":{"local_timestamp":1733379193468,"message_id":250,"output":" ","stderr":true},"type":"standard_output"}
{"payload":{"local_timestamp":1733379193468,"message_id":251,"output":" ","stderr":true},"type":"standard_output"}
{"payload":{"local_timestamp":1733379193468,"message_id":252,"output":" ","stderr":true},"type":"standard_output"}
{"payload":{"local_timestamp":1733379193468,"message_id":253,"output":" ","stderr":true},"type":"standard_output"}
{"payload":{"local_timestamp":1733379193468,"message_id":254,"output":" ","stderr":true},"type":"standard_output"}
{"payload":{"local_timestamp":1733379193468,"message_id":255,"output":" ","stderr":true},"type":"standard_output"}
{"payload":{"local_timestamp":1733379193468,"message_id":256,"output":" ","stderr":true},"type":"standard_output"}
{"payload":{"local_timestamp":1733379193468,"message_id":257,"output":" ","stderr":true},"type":"standard_output"}
{"payload":{"local_timestamp":1733379193468,"message_id":258,"output":" ","stderr":true},"type":"standard_output"}
{"payload":{"local_timestamp":1733379193468,"message_id":259,"output":" ","stderr":true},"type":"standard_output"}
{"payload":{"local_timestamp":1733379193468,"message_id":260,"output":" ","stderr":true},"type":"standard_output"}
{"payload":{"local_timestamp":1733379193468,"message_id":261,"output":" ","stderr":true},"type":"standard_output"}
{"payload":{"local_timestamp":1733379193468,"message_id":262,"output":"^","stderr":true},"type":"standard_output"}
{"payload":{"local_timestamp":1733379193468,"message_id":263,"output":"^","stderr":true},"type":"standard_output"}
{"payload":{"local_timestamp":1733379193468,"message_id":264,"output":"^","stderr":true},"type":"standard_output"}
{"payload":{"local_timestamp":1733379193468,"message_id":265,"output":"^","stderr":true},"type":"standard_output"}
{"payload":{"local_timestamp":1733379193468,"message_id":266,"output":"^","stderr":true},"type":"standard_output"}
{"payload":{"local_timestamp":1733379193468,"message_id":267,"output":"^","stderr":true},"type":"standard_output"}
{"payload":{"local_timestamp":1733379193468,"message_id":268,"output":"^","stderr":true},"type":"standard_output"}
{"payload":{"local_timestamp":1733379193468,"message_id":269,"output":"^","stderr":true},"type":"standard_output"}
{"payload":{"local_timestamp":1733379193468,"message_id":270,"output":"^","stderr":true},"type":"standard_output"}
{"payload":{"local_timestamp":1733379193468,"message_id":271,"output":"^","stderr":true},"type":"standard_output"}
{"payload":{"local_timestamp":1733379193468,"message_id":272,"output":"^","stderr":true},"type":"standard_output"}
{"payload":{"local_timestamp":1733379193468,"message_id":273,"output":"^","stderr":true},"type":"standard_output"}
{"payload":{"local_timestamp":1733379193468,"message_id":274,"output":"^","stderr":true},"type":"standard_output"}
{"payload":{"local_timestamp":1733379193468,"message_id":275,"output":"^","stderr":true},"type":"standard_output"}
{"payload":{"local_timestamp":1733379193468,"message_id":276,"output":"^","stderr":true},"type":"standard_output"}
{"payload":{"local_timestamp":1733379193468,"message_id":277,"output":"^","stderr":true},"type":"standard_output"}
{"payload":{"local_timestamp":1733379193468,"message_id":278,"output":"^","stderr":true},"type":"standard_output"}
{"payload":{"local_timestamp":1733379193468,"message_id":279,"output":"^","stderr":true},"type":"standard_output"}
{"payload":{"local_timestamp":1733379193469,"message_id":280,"output":"\n","stderr":true},"type":"standard_output"}
{"payload":{"local_timestamp":1733379193469,"message_id":281,"output":"  File \"D:\\zqw\\2024fall\\SI670\\si670_final_project\\yolov5\\utils\\dataloaders.py\", line 184, in create_dataloader\n","stderr":true},"type":"standard_output"}
{"payload":{"local_timestamp":1733379193469,"message_id":282,"output":"    ","stderr":true},"type":"standard_output"}
{"payload":{"local_timestamp":1733379193469,"message_id":283,"output":"dataset = LoadImagesAndLabels(","stderr":true},"type":"standard_output"}
{"payload":{"local_timestamp":1733379193469,"message_id":284,"output":"\n","stderr":true},"type":"standard_output"}
{"payload":{"local_timestamp":1733379193469,"message_id":285,"output":" ","stderr":true},"type":"standard_output"}
{"payload":{"local_timestamp":1733379193469,"message_id":286,"output":" ","stderr":true},"type":"standard_output"}
{"payload":{"local_timestamp":1733379193469,"message_id":287,"output":" ","stderr":true},"type":"standard_output"}
{"payload":{"local_timestamp":1733379193469,"message_id":288,"output":" ","stderr":true},"type":"standard_output"}
{"payload":{"local_timestamp":1733379193469,"message_id":289,"output":" ","stderr":true},"type":"standard_output"}
{"payload":{"local_timestamp":1733379193469,"message_id":290,"output":" ","stderr":true},"type":"standard_output"}
{"payload":{"local_timestamp":1733379193469,"message_id":291,"output":" ","stderr":true},"type":"standard_output"}
{"payload":{"local_timestamp":1733379193469,"message_id":292,"output":" ","stderr":true},"type":"standard_output"}
{"payload":{"local_timestamp":1733379193469,"message_id":293,"output":" ","stderr":true},"type":"standard_output"}
{"payload":{"local_timestamp":1733379193469,"message_id":294,"output":" ","stderr":true},"type":"standard_output"}
{"payload":{"local_timestamp":1733379193469,"message_id":295,"output":" ","stderr":true},"type":"standard_output"}
{"payload":{"local_timestamp":1733379193469,"message_id":296,"output":" ","stderr":true},"type":"standard_output"}
{"payload":{"local_timestamp":1733379193469,"message_id":297,"output":" ","stderr":true},"type":"standard_output"}
{"payload":{"local_timestamp":1733379193469,"message_id":298,"output":" ","stderr":true},"type":"standard_output"}
{"payload":{"local_timestamp":1733379193469,"message_id":299,"output":"^","stderr":true},"type":"standard_output"}
{"payload":{"local_timestamp":1733379193469,"message_id":300,"output":"^","stderr":true},"type":"standard_output"}
{"payload":{"local_timestamp":1733379193469,"message_id":301,"output":"^","stderr":true},"type":"standard_output"}
{"payload":{"local_timestamp":1733379193469,"message_id":302,"output":"^","stderr":true},"type":"standard_output"}
{"payload":{"local_timestamp":1733379193469,"message_id":303,"output":"^","stderr":true},"type":"standard_output"}
{"payload":{"local_timestamp":1733379193469,"message_id":304,"output":"^","stderr":true},"type":"standard_output"}
{"payload":{"local_timestamp":1733379193469,"message_id":305,"output":"^","stderr":true},"type":"standard_output"}
{"payload":{"local_timestamp":1733379193469,"message_id":306,"output":"^","stderr":true},"type":"standard_output"}
{"payload":{"local_timestamp":1733379193469,"message_id":307,"output":"^","stderr":true},"type":"standard_output"}
{"payload":{"local_timestamp":1733379193470,"message_id":308,"output":"^","stderr":true},"type":"standard_output"}
{"payload":{"local_timestamp":1733379193470,"message_id":309,"output":"^","stderr":true},"type":"standard_output"}
{"payload":{"local_timestamp":1733379193470,"message_id":310,"output":"^","stderr":true},"type":"standard_output"}
{"payload":{"local_timestamp":1733379193470,"message_id":311,"output":"^","stderr":true},"type":"standard_output"}
{"payload":{"local_timestamp":1733379193470,"message_id":312,"output":"^","stderr":true},"type":"standard_output"}
{"payload":{"local_timestamp":1733379193470,"message_id":313,"output":"^","stderr":true},"type":"standard_output"}
{"payload":{"local_timestamp":1733379193470,"message_id":314,"output":"^","stderr":true},"type":"standard_output"}
{"payload":{"local_timestamp":1733379193470,"message_id":315,"output":"^","stderr":true},"type":"standard_output"}
{"payload":{"local_timestamp":1733379193470,"message_id":316,"output":"^","stderr":true},"type":"standard_output"}
{"payload":{"local_timestamp":1733379193470,"message_id":317,"output":"^","stderr":true},"type":"standard_output"}
{"payload":{"local_timestamp":1733379193470,"message_id":318,"output":"^","stderr":true},"type":"standard_output"}
{"payload":{"local_timestamp":1733379193470,"message_id":319,"output":"\n","stderr":true},"type":"standard_output"}
{"payload":{"local_timestamp":1733379193470,"message_id":320,"output":"  File \"D:\\zqw\\2024fall\\SI670\\si670_final_project\\yolov5\\utils\\dataloaders.py\", line 593, in __init__\n","stderr":true},"type":"standard_output"}
{"payload":{"local_timestamp":1733379193471,"message_id":321,"output":"    ","stderr":true},"type":"standard_output"}
{"payload":{"local_timestamp":1733379193471,"message_id":322,"output":"raise Exception(f\"{prefix}Error loading data from {path}: {e}\\n{HELP_URL}\") from e","stderr":true},"type":"standard_output"}
{"payload":{"local_timestamp":1733379193472,"message_id":323,"output":"\n","stderr":true},"type":"standard_output"}
{"payload":{"local_timestamp":1733379193472,"message_id":324,"output":"Exception","stderr":true},"type":"standard_output"}
{"payload":{"local_timestamp":1733379193472,"message_id":325,"output":": ","stderr":true},"type":"standard_output"}
{"payload":{"local_timestamp":1733379193472,"message_id":326,"output":"\u001b[34m\u001b[1mval: \u001b[0mError loading data from D:\\zqw\\2024fall\\SI670\\si670_final_project\\yolo_data\\valid\\images: \u001b[34m\u001b[1mval: \u001b[0mNo images found\nSee https://docs.ultralytics.com/yolov5/tutorials/train_custom_data","stderr":true},"type":"standard_output"}
{"payload":{"local_timestamp":1733379193472,"message_id":327,"output":"\n","stderr":true},"type":"standard_output"}
{"payload":{"local_timestamp":1733379193473,"message_id":328,"output":"\u001b[1;38;5;39mCOMET INFO:\u001b[0m ---------------------------------------------------------------------------------------\n","stderr":true},"type":"standard_output"}
{"payload":{"local_timestamp":1733379193474,"message_id":329,"output":"\u001b[1;38;5;39mCOMET INFO:\u001b[0m Comet.ml OfflineExperiment Summary\n","stderr":true},"type":"standard_output"}
{"payload":{"local_timestamp":1733379193474,"message_id":330,"output":"\u001b[1;38;5;39mCOMET INFO:\u001b[0m ---------------------------------------------------------------------------------------\n","stderr":true},"type":"standard_output"}
{"payload":{"local_timestamp":1733379193474,"message_id":331,"output":"\u001b[1;38;5;39mCOMET INFO:\u001b[0m   Data:\n","stderr":true},"type":"standard_output"}
{"payload":{"local_timestamp":1733379193475,"message_id":332,"output":"\u001b[1;38;5;39mCOMET INFO:\u001b[0m     display_summary_level : 1\n","stderr":true},"type":"standard_output"}
{"payload":{"local_timestamp":1733379193475,"message_id":333,"output":"\u001b[1;38;5;39mCOMET INFO:\u001b[0m     name                  : exp\n","stderr":true},"type":"standard_output"}
{"payload":{"local_timestamp":1733379193476,"message_id":334,"output":"\u001b[1;38;5;39mCOMET INFO:\u001b[0m     url                   : [OfflineExperiment will get URL after upload]\n","stderr":true},"type":"standard_output"}
{"payload":{"local_timestamp":1733379193476,"message_id":335,"output":"\u001b[1;38;5;39mCOMET INFO:\u001b[0m   Others:\n","stderr":true},"type":"standard_output"}
{"payload":{"local_timestamp":1733379193477,"message_id":336,"output":"\u001b[1;38;5;39mCOMET INFO:\u001b[0m     Created from                : YOLOv5\n","stderr":true},"type":"standard_output"}
{"payload":{"local_timestamp":1733379193477,"message_id":337,"output":"\u001b[1;38;5;39mCOMET INFO:\u001b[0m     Name                        : exp\n","stderr":true},"type":"standard_output"}
{"payload":{"local_timestamp":1733379193479,"message_id":338,"output":"\u001b[1;38;5;39mCOMET INFO:\u001b[0m     comet_log_batch_metrics     : False\n","stderr":true},"type":"standard_output"}
{"payload":{"local_timestamp":1733379193480,"message_id":339,"output":"\u001b[1;38;5;39mCOMET INFO:\u001b[0m     comet_log_confusion_matrix  : True\n","stderr":true},"type":"standard_output"}
{"payload":{"local_timestamp":1733379193480,"message_id":340,"output":"\u001b[1;38;5;39mCOMET INFO:\u001b[0m     comet_log_per_class_metrics : False\n","stderr":true},"type":"standard_output"}
{"payload":{"local_timestamp":1733379193480,"message_id":341,"output":"\u001b[1;38;5;39mCOMET INFO:\u001b[0m     comet_max_image_uploads     : 100\n","stderr":true},"type":"standard_output"}
{"payload":{"local_timestamp":1733379193481,"message_id":342,"output":"\u001b[1;38;5;39mCOMET INFO:\u001b[0m     comet_mode                  : online\n","stderr":true},"type":"standard_output"}
{"payload":{"local_timestamp":1733379193481,"message_id":343,"output":"\u001b[1;38;5;39mCOMET INFO:\u001b[0m     comet_model_name            : yolov5\n","stderr":true},"type":"standard_output"}
{"payload":{"local_timestamp":1733379193482,"message_id":344,"output":"\u001b[1;38;5;39mCOMET INFO:\u001b[0m     hasNestedParams             : True\n","stderr":true},"type":"standard_output"}
{"payload":{"local_timestamp":1733379193482,"message_id":345,"output":"\u001b[1;38;5;39mCOMET INFO:\u001b[0m     offline_experiment          : True\n","stderr":true},"type":"standard_output"}
{"payload":{"local_timestamp":1733379193483,"message_id":346,"output":"\u001b[1;38;5;39mCOMET INFO:\u001b[0m   Parameters:\n","stderr":true},"type":"standard_output"}
{"payload":{"local_timestamp":1733379193483,"message_id":347,"output":"\u001b[1;38;5;39mCOMET INFO:\u001b[0m     anchor_t            : 4.0\n","stderr":true},"type":"standard_output"}
{"payload":{"local_timestamp":1733379193484,"message_id":348,"output":"\u001b[1;38;5;39mCOMET INFO:\u001b[0m     artifact_alias      : latest\n","stderr":true},"type":"standard_output"}
{"payload":{"local_timestamp":1733379193484,"message_id":349,"output":"\u001b[1;38;5;39mCOMET INFO:\u001b[0m     batch_size          : 8\n","stderr":true},"type":"standard_output"}
{"payload":{"local_timestamp":1733379193484,"message_id":350,"output":"\u001b[1;38;5;39mCOMET INFO:\u001b[0m     bbox_interval       : -1\n","stderr":true},"type":"standard_output"}
{"payload":{"local_timestamp":1733379193484,"message_id":351,"output":"\u001b[1;38;5;39mCOMET INFO:\u001b[0m     box                 : 0.05\n","stderr":true},"type":"standard_output"}
{"payload":{"local_timestamp":1733379193485,"message_id":352,"output":"\u001b[1;38;5;39mCOMET INFO:\u001b[0m     bucket              : \n","stderr":true},"type":"standard_output"}
{"payload":{"local_timestamp":1733379193485,"message_id":353,"output":"\u001b[1;38;5;39mCOMET INFO:\u001b[0m     cache               : None\n","stderr":true},"type":"standard_output"}
{"payload":{"local_timestamp":1733379193485,"message_id":354,"output":"\u001b[1;38;5;39mCOMET INFO:\u001b[0m     cfg                 : \n","stderr":true},"type":"standard_output"}
{"payload":{"local_timestamp":1733379193485,"message_id":355,"output":"\u001b[1;38;5;39mCOMET INFO:\u001b[0m     cls                 : 0.5\n","stderr":true},"type":"standard_output"}
{"payload":{"local_timestamp":1733379193486,"message_id":356,"output":"\u001b[1;38;5;39mCOMET INFO:\u001b[0m     cls_pw              : 1.0\n","stderr":true},"type":"standard_output"}
{"payload":{"local_timestamp":1733379193486,"message_id":357,"output":"\u001b[1;38;5;39mCOMET INFO:\u001b[0m     copy_paste          : 0.0\n","stderr":true},"type":"standard_output"}
{"payload":{"local_timestamp":1733379193486,"message_id":358,"output":"\u001b[1;38;5;39mCOMET INFO:\u001b[0m     cos_lr              : False\n","stderr":true},"type":"standard_output"}
{"payload":{"local_timestamp":1733379193486,"message_id":359,"output":"\u001b[1;38;5;39mCOMET INFO:\u001b[0m     degrees             : 0.0\n","stderr":true},"type":"standard_output"}
{"payload":{"local_timestamp":1733379193486,"message_id":360,"output":"\u001b[1;38;5;39mCOMET INFO:\u001b[0m     device              : \n","stderr":true},"type":"standard_output"}
{"payload":{"local_timestamp":1733379193487,"message_id":361,"output":"\u001b[1;38;5;39mCOMET INFO:\u001b[0m     entity              : None\n","stderr":true},"type":"standard_output"}
{"payload":{"local_timestamp":1733379193487,"message_id":362,"output":"\u001b[1;38;5;39mCOMET INFO:\u001b[0m     evolve              : None\n","stderr":true},"type":"standard_output"}
{"payload":{"local_timestamp":1733379193487,"message_id":363,"output":"\u001b[1;38;5;39mCOMET INFO:\u001b[0m     evolve_population   : data\\hyps\n","stderr":true},"type":"standard_output"}
{"payload":{"local_timestamp":1733379193488,"message_id":364,"output":"\u001b[1;38;5;39mCOMET INFO:\u001b[0m     exist_ok            : False\n","stderr":true},"type":"standard_output"}
{"payload":{"local_timestamp":1733379193488,"message_id":365,"output":"\u001b[1;38;5;39mCOMET INFO:\u001b[0m     fl_gamma            : 0.0\n","stderr":true},"type":"standard_output"}
{"payload":{"local_timestamp":1733379193488,"message_id":366,"output":"\u001b[1;38;5;39mCOMET INFO:\u001b[0m     fliplr              : 0.5\n","stderr":true},"type":"standard_output"}
{"payload":{"local_timestamp":1733379193488,"message_id":367,"output":"\u001b[1;38;5;39mCOMET INFO:\u001b[0m     flipud              : 0.0\n","stderr":true},"type":"standard_output"}
{"payload":{"local_timestamp":1733379193489,"message_id":368,"output":"\u001b[1;38;5;39mCOMET INFO:\u001b[0m     freeze              : [0]\n","stderr":true},"type":"standard_output"}
{"payload":{"local_timestamp":1733379193489,"message_id":369,"output":"\u001b[1;38;5;39mCOMET INFO:\u001b[0m     hsv_h               : 0.015\n","stderr":true},"type":"standard_output"}
{"payload":{"local_timestamp":1733379193489,"message_id":370,"output":"\u001b[1;38;5;39mCOMET INFO:\u001b[0m     hsv_s               : 0.7\n","stderr":true},"type":"standard_output"}
{"payload":{"local_timestamp":1733379193489,"message_id":371,"output":"\u001b[1;38;5;39mCOMET INFO:\u001b[0m     hsv_v               : 0.4\n","stderr":true},"type":"standard_output"}
{"payload":{"local_timestamp":1733379193490,"message_id":372,"output":"\u001b[1;38;5;39mCOMET INFO:\u001b[0m     hyp|anchor_t        : 4.0\n","stderr":true},"type":"standard_output"}
{"payload":{"local_timestamp":1733379193490,"message_id":373,"output":"\u001b[1;38;5;39mCOMET INFO:\u001b[0m     hyp|box             : 0.05\n","stderr":true},"type":"standard_output"}
{"payload":{"local_timestamp":1733379193490,"message_id":374,"output":"\u001b[1;38;5;39mCOMET INFO:\u001b[0m     hyp|cls             : 0.5\n","stderr":true},"type":"standard_output"}
{"payload":{"local_timestamp":1733379193491,"message_id":375,"output":"\u001b[1;38;5;39mCOMET INFO:\u001b[0m     hyp|cls_pw          : 1.0\n","stderr":true},"type":"standard_output"}
{"payload":{"local_timestamp":1733379193491,"message_id":376,"output":"\u001b[1;38;5;39mCOMET INFO:\u001b[0m     hyp|copy_paste      : 0.0\n","stderr":true},"type":"standard_output"}
{"payload":{"local_timestamp":1733379193491,"message_id":377,"output":"\u001b[1;38;5;39mCOMET INFO:\u001b[0m     hyp|degrees         : 0.0\n","stderr":true},"type":"standard_output"}
{"payload":{"local_timestamp":1733379193491,"message_id":378,"output":"\u001b[1;38;5;39mCOMET INFO:\u001b[0m     hyp|fl_gamma        : 0.0\n","stderr":true},"type":"standard_output"}
{"payload":{"local_timestamp":1733379193491,"message_id":379,"output":"\u001b[1;38;5;39mCOMET INFO:\u001b[0m     hyp|fliplr          : 0.5\n","stderr":true},"type":"standard_output"}
{"payload":{"local_timestamp":1733379193492,"message_id":380,"output":"\u001b[1;38;5;39mCOMET INFO:\u001b[0m     hyp|flipud          : 0.0\n","stderr":true},"type":"standard_output"}
{"payload":{"local_timestamp":1733379193492,"message_id":381,"output":"\u001b[1;38;5;39mCOMET INFO:\u001b[0m     hyp|hsv_h           : 0.015\n","stderr":true},"type":"standard_output"}
{"payload":{"local_timestamp":1733379193492,"message_id":382,"output":"\u001b[1;38;5;39mCOMET INFO:\u001b[0m     hyp|hsv_s           : 0.7\n","stderr":true},"type":"standard_output"}
{"payload":{"local_timestamp":1733379193492,"message_id":383,"output":"\u001b[1;38;5;39mCOMET INFO:\u001b[0m     hyp|hsv_v           : 0.4\n","stderr":true},"type":"standard_output"}
{"payload":{"local_timestamp":1733379193492,"message_id":384,"output":"\u001b[1;38;5;39mCOMET INFO:\u001b[0m     hyp|iou_t           : 0.2\n","stderr":true},"type":"standard_output"}
{"payload":{"local_timestamp":1733379193493,"message_id":385,"output":"\u001b[1;38;5;39mCOMET INFO:\u001b[0m     hyp|lr0             : 0.01\n","stderr":true},"type":"standard_output"}
{"payload":{"local_timestamp":1733379193493,"message_id":386,"output":"\u001b[1;38;5;39mCOMET INFO:\u001b[0m     hyp|lrf             : 0.01\n","stderr":true},"type":"standard_output"}
{"payload":{"local_timestamp":1733379193493,"message_id":387,"output":"\u001b[1;38;5;39mCOMET INFO:\u001b[0m     hyp|mixup           : 0.0\n","stderr":true},"type":"standard_output"}
{"payload":{"local_timestamp":1733379193493,"message_id":388,"output":"\u001b[1;38;5;39mCOMET INFO:\u001b[0m     hyp|momentum        : 0.937\n","stderr":true},"type":"standard_output"}
{"payload":{"local_timestamp":1733379193494,"message_id":389,"output":"\u001b[1;38;5;39mCOMET INFO:\u001b[0m     hyp|mosaic          : 1.0\n","stderr":true},"type":"standard_output"}
{"payload":{"local_timestamp":1733379193494,"message_id":390,"output":"\u001b[1;38;5;39mCOMET INFO:\u001b[0m     hyp|obj             : 1.0\n","stderr":true},"type":"standard_output"}
{"payload":{"local_timestamp":1733379193494,"message_id":391,"output":"\u001b[1;38;5;39mCOMET INFO:\u001b[0m     hyp|obj_pw          : 1.0\n","stderr":true},"type":"standard_output"}
{"payload":{"local_timestamp":1733379193494,"message_id":392,"output":"\u001b[1;38;5;39mCOMET INFO:\u001b[0m     hyp|perspective     : 0.0\n","stderr":true},"type":"standard_output"}
{"payload":{"local_timestamp":1733379193495,"message_id":393,"output":"\u001b[1;38;5;39mCOMET INFO:\u001b[0m     hyp|scale           : 0.5\n","stderr":true},"type":"standard_output"}
{"payload":{"local_timestamp":1733379193495,"message_id":394,"output":"\u001b[1;38;5;39mCOMET INFO:\u001b[0m     hyp|shear           : 0.0\n","stderr":true},"type":"standard_output"}
{"payload":{"local_timestamp":1733379193496,"message_id":395,"output":"\u001b[1;38;5;39mCOMET INFO:\u001b[0m     hyp|translate       : 0.1\n","stderr":true},"type":"standard_output"}
{"payload":{"local_timestamp":1733379193496,"message_id":396,"output":"\u001b[1;38;5;39mCOMET INFO:\u001b[0m     hyp|warmup_bias_lr  : 0.1\n","stderr":true},"type":"standard_output"}
{"payload":{"local_timestamp":1733379193496,"message_id":397,"output":"\u001b[1;38;5;39mCOMET INFO:\u001b[0m     hyp|warmup_epochs   : 3.0\n","stderr":true},"type":"standard_output"}
{"payload":{"local_timestamp":1733379193496,"message_id":398,"output":"\u001b[1;38;5;39mCOMET INFO:\u001b[0m     hyp|warmup_momentum : 0.8\n","stderr":true},"type":"standard_output"}
{"payload":{"local_timestamp":1733379193496,"message_id":399,"output":"\u001b[1;38;5;39mCOMET INFO:\u001b[0m     hyp|weight_decay    : 0.0005\n","stderr":true},"type":"standard_output"}
{"payload":{"local_timestamp":1733379193497,"message_id":400,"output":"\u001b[1;38;5;39mCOMET INFO:\u001b[0m     image_weights       : False\n","stderr":true},"type":"standard_output"}
{"payload":{"local_timestamp":1733379193497,"message_id":401,"output":"\u001b[1;38;5;39mCOMET INFO:\u001b[0m     imgsz               : 416\n","stderr":true},"type":"standard_output"}
{"payload":{"local_timestamp":1733379193497,"message_id":402,"output":"\u001b[1;38;5;39mCOMET INFO:\u001b[0m     iou_t               : 0.2\n","stderr":true},"type":"standard_output"}
{"payload":{"local_timestamp":1733379193497,"message_id":403,"output":"\u001b[1;38;5;39mCOMET INFO:\u001b[0m     label_smoothing     : 0.0\n","stderr":true},"type":"standard_output"}
{"payload":{"local_timestamp":1733379193498,"message_id":404,"output":"\u001b[1;38;5;39mCOMET INFO:\u001b[0m     local_rank          : -1\n","stderr":true},"type":"standard_output"}
{"payload":{"local_timestamp":1733379193498,"message_id":405,"output":"\u001b[1;38;5;39mCOMET INFO:\u001b[0m     lr0                 : 0.01\n","stderr":true},"type":"standard_output"}
{"payload":{"local_timestamp":1733379193498,"message_id":406,"output":"\u001b[1;38;5;39mCOMET INFO:\u001b[0m     lrf                 : 0.01\n","stderr":true},"type":"standard_output"}
{"payload":{"local_timestamp":1733379193498,"message_id":407,"output":"\u001b[1;38;5;39mCOMET INFO:\u001b[0m     mixup               : 0.0\n","stderr":true},"type":"standard_output"}
{"payload":{"local_timestamp":1733379193499,"message_id":408,"output":"\u001b[1;38;5;39mCOMET INFO:\u001b[0m     momentum            : 0.937\n","stderr":true},"type":"standard_output"}
{"payload":{"local_timestamp":1733379193499,"message_id":409,"output":"\u001b[1;38;5;39mCOMET INFO:\u001b[0m     mosaic              : 1.0\n","stderr":true},"type":"standard_output"}
{"payload":{"local_timestamp":1733379193499,"message_id":410,"output":"\u001b[1;38;5;39mCOMET INFO:\u001b[0m     multi_scale         : False\n","stderr":true},"type":"standard_output"}
{"payload":{"local_timestamp":1733379193500,"message_id":411,"output":"\u001b[1;38;5;39mCOMET INFO:\u001b[0m     name                : exp\n","stderr":true},"type":"standard_output"}
{"payload":{"local_timestamp":1733379193500,"message_id":412,"output":"\u001b[1;38;5;39mCOMET INFO:\u001b[0m     ndjson_console      : False\n","stderr":true},"type":"standard_output"}
{"payload":{"local_timestamp":1733379193500,"message_id":413,"output":"\u001b[1;38;5;39mCOMET INFO:\u001b[0m     ndjson_file         : False\n","stderr":true},"type":"standard_output"}
{"payload":{"local_timestamp":1733379193500,"message_id":414,"output":"\u001b[1;38;5;39mCOMET INFO:\u001b[0m     noautoanchor        : False\n","stderr":true},"type":"standard_output"}
{"payload":{"local_timestamp":1733379193500,"message_id":415,"output":"\u001b[1;38;5;39mCOMET INFO:\u001b[0m     noplots             : False\n","stderr":true},"type":"standard_output"}
{"payload":{"local_timestamp":1733379193500,"message_id":416,"output":"\u001b[1;38;5;39mCOMET INFO:\u001b[0m     nosave              : False\n","stderr":true},"type":"standard_output"}
{"payload":{"local_timestamp":1733379193501,"message_id":417,"output":"\u001b[1;38;5;39mCOMET INFO:\u001b[0m     noval               : False\n","stderr":true},"type":"standard_output"}
{"payload":{"local_timestamp":1733379193501,"message_id":418,"output":"\u001b[1;38;5;39mCOMET INFO:\u001b[0m     obj                 : 1.0\n","stderr":true},"type":"standard_output"}
{"payload":{"local_timestamp":1733379193501,"message_id":419,"output":"\u001b[1;38;5;39mCOMET INFO:\u001b[0m     obj_pw              : 1.0\n","stderr":true},"type":"standard_output"}
{"payload":{"local_timestamp":1733379193501,"message_id":420,"output":"\u001b[1;38;5;39mCOMET INFO:\u001b[0m     optimizer           : SGD\n","stderr":true},"type":"standard_output"}
{"payload":{"local_timestamp":1733379193502,"message_id":421,"output":"\u001b[1;38;5;39mCOMET INFO:\u001b[0m     patience            : 100\n","stderr":true},"type":"standard_output"}
{"payload":{"local_timestamp":1733379193502,"message_id":422,"output":"\u001b[1;38;5;39mCOMET INFO:\u001b[0m     perspective         : 0.0\n","stderr":true},"type":"standard_output"}
{"payload":{"local_timestamp":1733379193502,"message_id":423,"output":"\u001b[1;38;5;39mCOMET INFO:\u001b[0m     project             : runs\\train\n","stderr":true},"type":"standard_output"}
{"payload":{"local_timestamp":1733379193502,"message_id":424,"output":"\u001b[1;38;5;39mCOMET INFO:\u001b[0m     quad                : False\n","stderr":true},"type":"standard_output"}
{"payload":{"local_timestamp":1733379193502,"message_id":425,"output":"\u001b[1;38;5;39mCOMET INFO:\u001b[0m     rect                : False\n","stderr":true},"type":"standard_output"}
{"payload":{"local_timestamp":1733379193503,"message_id":426,"output":"\u001b[1;38;5;39mCOMET INFO:\u001b[0m     resume              : False\n","stderr":true},"type":"standard_output"}
{"payload":{"local_timestamp":1733379193503,"message_id":427,"output":"\u001b[1;38;5;39mCOMET INFO:\u001b[0m     resume_evolve       : None\n","stderr":true},"type":"standard_output"}
{"payload":{"local_timestamp":1733379193503,"message_id":428,"output":"\u001b[1;38;5;39mCOMET INFO:\u001b[0m     save_dir            : runs\\train\\exp\n","stderr":true},"type":"standard_output"}
{"payload":{"local_timestamp":1733379193503,"message_id":429,"output":"\u001b[1;38;5;39mCOMET INFO:\u001b[0m     save_period         : -1\n","stderr":true},"type":"standard_output"}
{"payload":{"local_timestamp":1733379193503,"message_id":430,"output":"\u001b[1;38;5;39mCOMET INFO:\u001b[0m     scale               : 0.5\n","stderr":true},"type":"standard_output"}
{"payload":{"local_timestamp":1733379193504,"message_id":431,"output":"\u001b[1;38;5;39mCOMET INFO:\u001b[0m     seed                : 0\n","stderr":true},"type":"standard_output"}
{"payload":{"local_timestamp":1733379193504,"message_id":432,"output":"\u001b[1;38;5;39mCOMET INFO:\u001b[0m     shear               : 0.0\n","stderr":true},"type":"standard_output"}
{"payload":{"local_timestamp":1733379193504,"message_id":433,"output":"\u001b[1;38;5;39mCOMET INFO:\u001b[0m     single_cls          : False\n","stderr":true},"type":"standard_output"}
{"payload":{"local_timestamp":1733379193504,"message_id":434,"output":"\u001b[1;38;5;39mCOMET INFO:\u001b[0m     sync_bn             : False\n","stderr":true},"type":"standard_output"}
{"payload":{"local_timestamp":1733379193504,"message_id":435,"output":"\u001b[1;38;5;39mCOMET INFO:\u001b[0m     translate           : 0.1\n","stderr":true},"type":"standard_output"}
{"payload":{"local_timestamp":1733379193504,"message_id":436,"output":"\u001b[1;38;5;39mCOMET INFO:\u001b[0m     upload_dataset      : False\n","stderr":true},"type":"standard_output"}
{"payload":{"local_timestamp":1733379193504,"message_id":437,"output":"\u001b[1;38;5;39mCOMET INFO:\u001b[0m     val_conf_threshold  : 0.001\n","stderr":true},"type":"standard_output"}
{"payload":{"local_timestamp":1733379193505,"message_id":438,"output":"\u001b[1;38;5;39mCOMET INFO:\u001b[0m     val_iou_threshold   : 0.6\n","stderr":true},"type":"standard_output"}
{"payload":{"local_timestamp":1733379193505,"message_id":439,"output":"\u001b[1;38;5;39mCOMET INFO:\u001b[0m     warmup_bias_lr      : 0.1\n","stderr":true},"type":"standard_output"}
{"payload":{"local_timestamp":1733379193505,"message_id":440,"output":"\u001b[1;38;5;39mCOMET INFO:\u001b[0m     warmup_epochs       : 3.0\n","stderr":true},"type":"standard_output"}
{"payload":{"local_timestamp":1733379193505,"message_id":441,"output":"\u001b[1;38;5;39mCOMET INFO:\u001b[0m     warmup_momentum     : 0.8\n","stderr":true},"type":"standard_output"}
{"payload":{"local_timestamp":1733379193506,"message_id":442,"output":"\u001b[1;38;5;39mCOMET INFO:\u001b[0m     weight_decay        : 0.0005\n","stderr":true},"type":"standard_output"}
{"payload":{"local_timestamp":1733379193506,"message_id":443,"output":"\u001b[1;38;5;39mCOMET INFO:\u001b[0m   Uploads:\n","stderr":true},"type":"standard_output"}
{"payload":{"local_timestamp":1733379193506,"message_id":444,"output":"\u001b[1;38;5;39mCOMET INFO:\u001b[0m     asset               : 3 (1.37 KB)\n","stderr":true},"type":"standard_output"}
{"payload":{"local_timestamp":1733379193506,"message_id":445,"output":"\u001b[1;38;5;39mCOMET INFO:\u001b[0m     environment details : 1\n","stderr":true},"type":"standard_output"}
{"payload":{"local_timestamp":1733379193507,"message_id":446,"output":"\u001b[1;38;5;39mCOMET INFO:\u001b[0m     git metadata        : 1\n","stderr":true},"type":"standard_output"}
{"payload":{"local_timestamp":1733379193507,"message_id":447,"output":"\u001b[1;38;5;39mCOMET INFO:\u001b[0m     installed packages  : 1\n","stderr":true},"type":"standard_output"}
{"payload":{"local_timestamp":1733379193507,"message_id":448,"output":"\u001b[1;38;5;39mCOMET INFO:\u001b[0m \n","stderr":true},"type":"standard_output"}
